{
  "mAP_50_95": 0.06523996903545183,
  "mAP_50": 0.15068859960921682,
  "mAP_75": 0.054622729299823425,
  "mAP_small": 0.08403068702207027,
  "mAP_medium": 0.09838504817119095,
  "mAP_large": 0.021104431871758603,
  "AR_1": 0.09323828155115257,
  "AR_10": 0.10847505974867011,
  "AR_100": 0.10847505974867011,
  "AR_small": 0.09827866630523177,
  "AR_medium": 0.12026890997986768,
  "AR_large": 0.04954044117647059,
  "per_class": {
    "IPH": {
      "ap_50": 0.22238385579667455,
      "ap_50_95": 0.10587520982411071
    },
    "IVH": {
      "ap_50": 0.0627062706270627,
      "ap_50_95": 0.01628162816281628
    },
    "SAH": {
      "ap_50": 0.2978622918151102,
      "ap_50_95": 0.13051095894695952
    },
    "SDH": {
      "ap_50": 0.019801980198019802,
      "ap_50_95": 0.008292079207920793
    }
  }
}