{
  "mAP_50_95": 0.0003865359447827676,
  "mAP_50": 0.0006988787282861466,
  "mAP_75": 0.0004437342772738812,
  "mAP_small": 0.002701874629239635,
  "mAP_medium": 6.6006600660066e-05,
  "mAP_large": 0.0,
  "AR_1": 0.008027522935779817,
  "AR_10": 0.008027522935779817,
  "AR_100": 0.008027522935779817,
  "AR_small": 0.023387096774193546,
  "AR_medium": 0.0024590163934426227,
  "AR_large": 0.0,
  "per_class": {
    "IPH": {
      "ap_50": 0.0,
      "ap_50_95": 0.0
    },
    "IVH": {
      "ap_50": 0.0,
      "ap_50_95": 0.0
    },
    "SAH": {
      "ap_50": 0.0027955149131445862,
      "ap_50_95": 0.0015461437791310705
    },
    "SDH": {
      "ap_50": 0.0,
      "ap_50_95": 0.0
    }
  }
}